x0,x1,x2,y
0.42196679735379905,2.2815049815417456,0.3296513025124376,5.861525366407852
0.27865475847069887,0.8918158019434356,1.1347136479852291,4.808575491918428
0.7799149972524922,-0.9629837031694486,0.23436905260246665,-0.46714719073482347
0.287154852433248,-0.3080331666171681,0.32973067974933984,0.727167481280742
0.6283890933941206,0.9916120794152583,0.0676521672675551,2.9063893230233724
0.9215758846902581,0.277629432791946,0.9335343456605056,3.7066697947666807
0.3141973227821615,-0.6942519714079725,-1.1875418097685735,-5.219536526083981
0.6629544953102938,2.09289679525278,-1.497539877680676,-0.16916153690114125
0.652253673835654,1.7599975570069741,-1.354373959035968,-0.3710601159776512
0.5799534373975208,0.18912294977232488,0.3658610629723775,2.2477419772044276
0.7863180964469281,-0.3592705884934118,-0.42383849442775534,-2.143159999446201
0.4794911667241215,-0.15952534039066524,-0.7731537035363919,-1.97970912735339
0.7319366426941738,0.6016496020979268,-0.2817368875572214,0.8564298871693821
0.2006103124053511,1.475043406362608,0.013078884829222703,3.5201713102554093
0.41617453158627626,-0.8627245946624599,-1.184608898795419,-5.422883465703038
0.37629655750533864,-1.0871975646472,-1.1020594221363014,-4.395214191020697
0.943246000792084,-0.7633414548869417,0.4933665136150164,1.928354625005154
0.7803480980744437,-0.39554887487835844,-0.22206072304319444,-1.0872171115095648
0.9753344102972424,-0.42898262179332647,-0.05788579707629799,0.20423656673249246
0.34308472757404684,-0.05493994527818179,0.15118246564836646,1.477714094974862
0.24560749295738737,0.31803165325915606,1.2534637205351271,4.487372499319066
0.5145709030424367,0.9900602164604286,-2.1904974209052246,-4.269336214964373
0.6487874885626023,-0.009339932066967177,-0.04075747454358249,-0.12417677517681917
0.9401348795879891,1.689124450481528,-1.6558219728302963,-1.1157940668634592
0.09992329088016227,0.34404375054171626,0.4843661764676605,2.2200576873654256
0.25200822502966214,-1.430780166738135,0.785567964750583,-0.5213090881027806
0.757332611270228,0.2631510564114652,-1.946067048378325,-4.955892508565187
0.7910069617502488,1.2507706562387833,1.2577079293318574,7.878581900555471
0.1125520507803155,-0.6112485715123196,1.6129498900581967,2.5433295816658674
0.15994361805903812,-1.4769979499422636,-0.865234777084792,-5.376082886357837
0.8145519762385646,-0.5886287486041978,-2.4344572110948537,-8.01455407190447
0.6812762234259735,-1.1433490689829928,-0.7468949272227519,-4.020701351201005
0.4393028249814641,0.5070173766095347,0.12513867685428878,0.9691674789846906
0.7811318134837991,0.35938726384039243,-0.924404141816976,-1.8074680945645467
0.2666782923254336,-0.20910020193495277,0.6103932531792153,1.852077568903336
0.5311064162916139,0.6783601898473235,0.4414964655302892,2.343529833391268
0.5238278448500991,-0.699777641152918,0.5017024112925936,-1.08935726712529
0.9018589458522187,2.1688381733890703,0.20650985043124861,4.883585204341733
0.657567400656822,0.5237348970825698,0.5922542826664886,2.683840386201848
0.00014600155482580313,-0.8650720025931948,-0.6948248930690484,-4.879044811036909
0.5279368943774297,-0.47814332641439705,0.4087604816424914,0.48185969527390643
0.2875281742086383,1.5207428554132756,0.7424658528478085,5.611536618180755
0.6704363989315498,-0.004851944072562645,-0.29268092631531223,-0.5944006142744777
0.055276028264760635,0.021585665289344247,-0.20088313591770143,-0.716014872832283
0.44887660408016017,-1.1773842555201117,0.37716150057995457,-1.4110974316283744
0.33557543663377964,-0.5408782754687118,0.4572130816450755,0.7726565440218122
0.6275021594980161,-0.6317822076296825,-2.1446189865413334,-7.046621433032521
0.36786777204384924,0.4076191323916729,0.9310498974506279,4.4093303812507685
0.5372654168413111,-0.14217599931010583,-1.428942719385716,-3.957733589967636
0.6410003450109732,-1.2337385969381798,0.09412971638748338,-2.311411183027272
0.4314211038716278,-0.6468368792145154,0.47668910331798675,0.19126521304090877
0.8024939099827927,-0.647187200325605,-0.7178953604415869,-3.6954666921893624
0.1620034391931945,-0.22534187336367292,1.6981736038293185,5.323616566217443
0.7986248867210418,0.6575000890592329,-0.1704925203096852,0.5652681007735514
0.6511737184056705,0.49361412331975774,-0.35851959729703303,0.8878500929653308
0.15145714888576356,-0.4598707419840298,0.8793888927188251,2.2502594333410952
0.19414601038753398,-1.004775734592497,-0.5586240044354095,-3.718607035556776
0.09764441725228346,0.0510746823781879,-0.3012042410662946,-1.7835374844588605
0.633409561734562,1.3295404037564402,-0.6293540401415336,2.0417743604844834
0.31649473599990985,0.6959349912993453,0.9054549654556067,4.085421394972826
0.03537670662762238,-0.7024481535220073,-0.26350477263737765,-2.432286694688261
0.333056825472961,0.33729794562606547,0.8930780177616459,2.764808827765795
0.533948107907814,0.40491644587326364,-0.07052876043168041,1.0667886145193268
0.8734245928061966,-0.42033347022504863,0.22981301466660034,-0.4386170079216818
0.09502066054736413,-0.7092316908763373,-1.4816252224770707,-6.333843576465984
0.08761288070950146,0.4498646536983219,2.563904361559661,9.02739643806254
0.22679465884551053,1.3174406261752796,-0.7837035829033562,1.3466314969805366
0.9217880285771958,2.1169677215744773,1.1554838532345983,8.756755958907345
0.5716035644868392,0.6861318197969065,-0.8154671259904359,-0.7967502209223793
0.2866134932985328,-1.2450403477950853,0.1702929918343311,-1.755238002355809
0.2800356017494843,-0.019671355979503456,0.7926195910090053,2.4809656304544676
0.6116638338098219,-0.31862919666494954,-0.41388736552478683,-0.7019209278998224
0.2258177826598855,0.8233793786240966,1.1968250125985478,5.85819874619523
0.6145278763838653,-0.4187043508002909,-0.22203793099374633,-1.0009083116950086
0.3722797042082915,-0.44239672170900773,-0.39528026495849916,-1.8910619386397047
0.14638849778337992,0.36648093917684754,1.8402495917151616,5.5256444641581846
0.8148999818136649,-0.5224376040470523,0.7470187424695699,2.256700088219791
0.37835680256557713,0.3646028369096073,-0.009465990681472098,0.9834519817632444
0.8016436778098577,-0.28952939002224254,-0.6516037869142232,-1.7644081322682674
0.1254490466151078,-0.016151580228176365,-0.656523025970941,-1.9553796444759426
0.14047968236388386,-0.20174572303502525,-0.5827645015538395,-1.2836630311151944
0.6290656532822115,0.1780474339694758,-1.452105159799507,-3.96250268938764
0.5518286336776367,2.4723937517153827,0.787222391672527,7.933638372545622
0.22958390329254796,-2.325857404012744,1.1389207036372597,-1.564529172129443
0.3952556067633807,0.24797129204902557,-1.0530293734953966,-2.354704944922503
0.38603880821855296,0.7266111428775831,0.6849307236672523,3.0325935131015096
0.3460934246736159,-0.6750722796633941,-1.737209288307539,-6.452896161749342
0.9204127397201224,0.7426885114414387,-1.1735763776831514,-1.2866768380173468
0.17891577043430484,0.002591275468555346,-0.3293497558696016,-0.947952852228813
0.05147727025795612,1.1040317141644578,-0.38675487308869033,1.3538774215624554
0.6298118160609825,0.27537532824345123,1.207642159021851,4.411250125204676
0.5663360008806512,0.2275904714060642,0.5094921891237504,3.6527345023734226
0.6734804132304951,0.5256372396495973,1.7036354839919452,6.443743053094298
0.006462171016097473,2.057268733009066,0.5239121226999062,5.752012280909709
0.3288052474235681,-0.04168871397444713,-0.6625033790707646,-2.8120380206782007
0.4299744043190379,1.2398295553753838,1.6991903810929725,6.863218083675774
0.3425890281516413,1.1879407984496895,-1.108526492112881,-0.17937828520844673
0.8251409654973786,0.9480808902717216,-0.22796372089400413,1.4114639127068267
0.2888161653965894,1.4845299711585722,-2.460502312028346,-4.9248185333396215
0.49726301638399295,1.0221287397340224,-0.7991402631540344,0.3631348003506143
0.33410454701105896,0.7955179714701972,0.5584366300880714,4.330070916357712
0.8648024436909577,-0.8433689156521328,0.11024310963473712,0.5497678470505472
0.7985825588563364,-0.46787844910352266,0.38949370054334487,1.0141359689665423
0.700973651417225,-0.3148077984945371,-1.5059410625924126,-5.304372148880726
0.21630848594275764,0.2375611241714384,0.5117206652987383,2.2831029009623283
0.7709277051937568,0.4739717365685638,0.08203110854284149,1.7237098986964778
0.1684209114199542,-0.24750935982973926,0.4447108551654958,0.34171208725232666
0.9759281128048191,-0.17112051134049844,-0.3729124412983857,-0.9523996232553682
0.08464381331937698,0.492972284881806,0.20242897678559324,1.3397162104978606
0.6368354972956702,-0.9854041245610382,-2.961575674687677,-10.387737032980189
0.9161469089441445,1.1603484334629932,0.16180410352384786,4.336783155917907
0.017075846913643944,0.7729500719263388,-0.8778817642931933,-1.0748315257558714
0.5319147098810152,-0.0823032448063253,-1.1690556071423956,-3.5350511016735506
0.34652645415025085,0.6855113404317411,-0.45821316558618613,-0.3949169749378568
0.2698813875670456,0.3365318142217911,-1.3502996896480663,-3.2541784399328844
0.7603407574665755,-0.01854369471072429,0.9745402480697571,4.075748683887071
0.8164822662847341,0.4895743336736512,-0.4886896115352302,-0.15658484626331703
0.46211335905775053,-0.5994227710539657,0.739791457076281,0.5892936232733932
0.60904519526018,0.26267286241185706,0.5101046455304071,2.842914628373906
0.41320555247177804,0.10355538205074219,-0.9670912747352755,-3.182179039861128
0.883100482341983,-0.05804827481545911,0.7194531231612458,2.528962585550385
0.6798940814508648,-1.4390063401980484,-1.0608695109263258,-6.91828722501023
0.9314951435642895,-1.5603215245155795,0.4780969717192418,-0.3765922224297261
0.5691940162731103,-0.5182561742228651,-1.6344559448072058,-5.241669589035107
0.4040382735052108,0.4710432526249881,0.8716399430585596,3.5551263944897733
0.6508976471903384,0.17450383112881185,1.8929260237151027,6.5966604633032455
0.603571674047052,0.19169331526376934,0.8054854363773329,3.8679907308495793
0.39260957083262926,-0.22805563111452937,1.0705966923628907,2.9238812761145554
0.017935609460657642,-1.5053983263911692,-0.00046353727046642414,-4.135867145592429
0.4963916547827798,0.3080199109034848,0.6492437555975584,3.238613550040021
0.21079562325936696,1.2908468037272276,1.4463249557190931,7.56107432578244
0.4345600608035469,-0.8030742811705809,0.7727551715154238,1.478919443340722
0.8726933146862594,-0.017646922247553518,0.4653351792132068,2.73423822640383
0.5986384280109609,-0.30969609408748683,-0.6037838066587933,-1.9781407656888967
0.43736594711714905,0.30117404840457657,-1.8334605635899515,-4.968296950665351
0.8857172251968843,1.0118048022389672,0.593888012856188,3.903200908742541
0.16105463166626544,-0.9382285404830553,-0.7849332293164454,-4.3114866382754435
0.014218536912092294,-0.09778713423598527,-0.6127261251768266,-3.567822633481576
0.998921982957001,-0.2603370256610903,1.810073182740645,5.1887521402624115
0.9911726622504314,1.751042370426236,1.639256846336197,9.516436224263561
0.824323900719457,-0.467382385699159,0.34720041261835627,0.772249719853096
0.31321619759712305,0.7411576145316202,0.5880513749601228,3.6669033831332496
0.37522707547643275,0.5885450797168738,0.798587599557442,4.539146582496258
0.9756842635145754,2.7715374980874357,0.738453799316413,8.893794664188631
0.0473834193273609,-0.8776673850978821,1.9868845319491142,4.5329248762451835
0.6832452007568216,0.20516866685320156,0.6535197618445239,1.7838199486638717
0.6423656699869982,-0.3582003073124439,-0.8037960628632531,-2.74206242639626
0.9439023772301643,-0.004246549481203271,0.019928097447771787,1.966440333361773
0.5028898531753837,-1.218507569555854,2.1712372047842528,3.7453516623908927
0.15249670015321248,0.09616920326897621,-0.11762122961404209,-0.20402834770079145
0.609535127387829,1.3719646709005604,0.05654022668639572,2.889822799959061
0.36784775702275163,0.4817940278985483,-0.1787400792011077,0.7448258449129794
0.1842406221105396,0.09179003914305128,0.16042376465999772,0.4834927918349095
0.05078528871227728,-1.0840129592200505,0.4700982829634185,-0.45008709340806863
0.6663216227532431,-0.8126565823296713,-0.815768637708961,-3.6885858004367504
0.015145952443923805,-1.1101264131199973,-0.1275465683551292,-2.2747361017840966
0.5800401117491636,0.3418196639826617,-1.5389649026271304,-3.9687515727014318
0.5651954799001448,-0.8003927877979085,-2.3655297578841536,-8.821942413487898
0.46494284409524034,-1.0974892436439923,0.5445206143512813,-1.0079302942473054
0.35526726041370915,-0.9988410366681691,1.956674897153139,4.041952729889083
0.10273274965048895,1.914713024864429,0.06572125131013823,3.9377643022166997
0.6078373826575587,-0.2686570271778326,0.11125154365562455,0.42572467673752007
0.09848301376462443,0.6398834016819384,0.2892959533319736,1.7810523665979945
0.9749486799388531,1.0953715433034823,-0.5074114361861466,1.167390082910406
0.13930754771821896,0.9370646101908864,-1.2347489728083676,-2.3419748347866176
0.5156712684487553,1.3108093677042227,-1.6059396596748148,-2.185265195952297
0.7313417108068127,0.7644931476023373,-0.9816199864877674,-0.778481875517143
0.83786882456461,-0.7607549757744138,-0.09558938999467854,-0.7646530340622091
0.26128674416065756,-0.1314259997940601,0.09947211094137147,-0.7498366554224838
0.5816083249246943,-0.5203881102658401,0.8063902543694242,1.3552532339443664
0.34938691543859857,1.0683103531829317,-0.8431891905224441,0.1590172462675366
0.7384994971587054,-0.16194192272186944,-0.948114113277489,-3.118427287340075
0.006913213027080811,0.7165791116752092,-0.16815671286778744,0.9764039924941907
0.9538955760951775,0.9658096574982308,0.7224770317991679,4.560937266737875
0.1216991935352123,0.7709043765715711,-1.8059045066220039,-3.4269311681831476
0.7333011251343412,0.8910715345601082,-0.9848351321451163,-1.717792164054007
0.9220791540395813,1.6124546886298798,1.3322991444971621,8.061310909739515
0.37096923820519634,-0.39666215968264146,-0.7660836235567051,-2.121389418622204
0.08404304531324802,-0.13790702577861286,-0.11585508461793571,-0.4369811239801647
0.5333573880473058,-0.6544299402425034,-0.8111856310353375,-2.8139535542311434
0.9270304068649684,-0.008257604604259899,0.014563389171019986,-0.592981408502945
0.9111051555504349,-0.8669855556698683,-0.8263750803399357,-4.383649100855309
0.20285410333031761,-0.6109869381169191,0.3133503475515765,0.6601090368154957
0.41009252150467823,-0.5334498258619036,-0.9200706034958602,-3.5678308358057387
0.8884674019067035,0.3731517670806301,1.577013620970697,4.831248983745114
0.4337352978853164,-0.6123643645825196,0.3282104066740749,-0.2397790381070848
0.8000354514771885,-0.4527995216072044,1.1575650560793913,3.669510626707619
0.5217755270421548,-0.10789221638361877,1.1815943104150586,4.351020982368206
0.06316048405815367,-1.1501775511783638,-0.19185818131919222,-2.4042698295421756
0.8128277132255064,-1.0247894049240407,-2.6640206657736005,-9.635993220448304
0.9383519838621537,-0.8612917835094417,-0.5716661294849137,-3.1097440379350068
0.5348534117683544,-1.2799110229017394,0.2520881796274401,-1.7412150955982861
0.24908379416217852,1.6672184877569585,-0.22425010925652877,1.902739200205251
0.5246001455096226,1.0404293716599462,0.3209181945376631,2.715460838550279
0.522082903711962,0.2998259912533283,0.27121103750365744,0.772652501099097
0.02647487846305141,0.14895984539982435,0.06465609574746933,0.3990613846535636
0.8657913528828753,0.5972030353278078,-1.616052402839615,-3.2514778545656053
0.5916399518308256,0.4779790719006751,1.9868146193116487,6.61177121360098
0.17977839237209237,0.9732932860790935,-0.7985705532131885,-1.0430329178748927
0.7542577512615458,-0.41896868216211475,-1.3225950035425775,-4.179705148702617
0.154410450717283,0.2548585353698875,-0.4920815231432358,-1.3036574865489574
0.6310248141753209,-0.08160005391186247,1.9450443141638996,6.789864922428971
0.48403121022486795,1.0204117006312567,0.5073437138870698,3.683430551331408
0.2302210750151812,-1.1033230013801874,-0.9286811924136151,-4.749654976135178
0.4011822465793893,-0.567082772158568,1.9174990903197677,4.6128308448484665
0.3749222717900499,-0.6349622872616457,-1.5361311017263484,-6.071172218462185
0.06814241247569175,0.10199967367309966,1.4842338745784556,4.816979351578449
0.5946026765018023,-0.4811743294095311,-0.22683297552492598,-2.211364080700774
0.42881512102743,-0.9277161138099855,-1.138257863942935,-4.747344928034725
0.6810219810498596,-0.4871374505849599,0.4655624977981902,0.9075660090316638
0.46596056599498303,-0.2921177389943689,-0.3317677287489943,-0.374122274743471
0.4191259817586228,-0.8693175181270376,-0.7162154341193565,-4.047048270068647
0.9524149508726629,-1.3812896525571936,-1.0658121445123632,-5.158054308917363
0.45901127619173376,0.7834079314442222,1.0634191691648618,4.90633191506263
0.3842484698135008,-0.9597771064197389,-1.7325672813660673,-6.869795553690704
0.8573931544831028,0.5822642726749914,1.6129237335739115,6.763080131237397
0.5595959592868883,-0.3306100534943253,-0.939831662502267,-2.3931044028482593
0.14348013236964896,1.2757364861397367,-0.16764680883377728,2.314506258940275
0.5728413217891141,-1.1687929759413425,0.6899831596256316,0.1887495198148774
0.1264409045250554,0.3692734278619498,0.793973974216169,2.3831365350153995
0.743256758544134,0.20107404277001834,-0.36934044604838656,0.27045109524887967
0.7008299308312465,-0.6458918579347065,-0.6077288589792544,-2.6173132254122624
0.7053333990607196,-0.5597725115859769,-0.7270169989030447,-1.939096932755559
0.4957092537462604,0.9640871111878025,-1.1574248179893116,-1.056530317206284
0.9732561458421576,-1.390927005370271,-0.316437993495598,-3.2522497019861003
0.8184318195317235,-0.7629999542414402,0.3785125508288982,-0.012960086369639384
0.9559399297608313,1.1466318647092966,0.4812088003450399,3.951796595588152
0.118609017907226,-0.6356901727012766,0.7070197437766834,0.5126184772357569
0.10390361133924686,-0.4436014383982531,1.7243635041402958,3.921718021120757
0.9458851481319954,-0.5242420346209693,0.38024227452064807,0.5534932131042808
0.19031763464421492,-1.477783051162564,0.620201149270131,-0.6883984619935487
0.8431216823530442,0.43335203994206184,-1.123719053083381,-1.627214694212147
0.5288388672380833,-0.32038690373486556,1.6618383228537164,4.157246274346084
0.5249842593084334,-1.5819941863810112,-2.1172137398672097,-9.151776389156453
0.0907525465629202,-0.2088446914792986,1.6393885959810113,5.050397158956675
0.9960343145147176,-1.1647437324472016,-0.2579235206353915,-2.493751503931463
0.4335562558384627,-0.8948656229639347,-0.8649236738919711,-4.146488135077841
0.48093327006275943,-1.6705746124079461,-1.289475343405593,-6.537610237799421
0.1965497777128553,0.7794795661070131,-0.7593093293563079,-0.08911462308523446
0.9716028196654722,-1.124929198118106,-0.47242276740103983,-2.9559010503006613
0.9407261820215401,0.6432788183550472,0.7659529321738694,3.9532348877420156
0.9820059894581923,1.6869871623352333,1.675934337299727,9.358021839247288
0.40830881022018894,-1.9208175687809543,-1.9457442988122011,-9.449438720183592
0.3581403480795604,0.020424836675186877,-0.6803548431911624,-1.6056895326267149
0.5012831511425153,1.3729576290993821,1.1542412039402277,6.473875945500222
0.3038867331112832,-0.9736610275661717,0.46114667095156014,-0.7982660622523303
0.5194340304589554,-0.20154232679031434,-0.41400148852200325,-1.3036342186366032
0.620075016627882,1.7285013968532104,-0.9222782053851868,0.3514053738592045
0.2927238065236606,-0.9822026663036103,-0.041612038798720836,-2.6291437456803624
0.450032712394437,-1.9226815950284637,-0.7951872244841146,-6.048462783663329
0.9501718369009465,-0.2618620134270151,-0.3098864926046429,-0.3262037952762965
0.38661348394391226,-0.3477174225910423,0.8464725440819796,2.222239669181488
0.3899791054143932,0.7487690269808744,-0.6289680876080996,1.0393668073079532
0.9468383896843534,3.056125975462786,0.5819072000238322,7.211041622722568
0.009168137965477552,0.7987818966145962,-0.2793592679078879,-0.34808814619255674
0.5373907572433938,0.6568476423173506,0.07045484222276684,1.7551710212559273
0.11770472319497538,-0.756423554999844,0.6177909168991459,0.0892422990748531
0.4409474036520339,0.9144430241384031,0.978671169681721,4.608482015569566
0.7699826143309708,0.4720763634423866,0.3082744219646607,2.9482704960918915
0.9025358735669295,0.6229709406401656,-1.4020390086101584,-2.885426703314447
0.0022317707716912327,-0.4518681959663679,1.591378639546174,4.506480525100362
0.947061121823196,-0.3942705431212479,-0.8114736353245721,-2.1830340143202855
0.1918200132174962,-0.8989658216040818,-1.5486538754643093,-6.834979358327975
0.3236445398532104,0.037251394980194925,0.12110058751836109,0.2573187488863594
0.6592584422814068,0.7389562805743672,0.6526747582157102,3.523507393152003
0.39853756499894943,1.4716390559266672,-0.5519829712165512,1.0973077894876169
0.3738965463852244,0.5512646625148215,0.9466414032757552,4.559713882380936
0.38011819957413007,-0.8720893978846433,-0.17029675744051534,-1.0573762108924785
0.32989518777077553,1.4482639966820785,-0.4758298605744412,0.7977112590054716
0.6352614571852294,-0.939393286964842,0.4033278235091494,-0.8077465397191983
0.3756501042175153,0.19730965421759075,0.4156095432795773,2.4746510328006295
0.3537618851865858,-0.41196278474704723,-0.6042808668809497,-2.478326655529633
0.13120996321228007,-0.6909734263977196,-0.12420191588441311,-2.2315412791347113
0.8081201327253338,-0.7339613971061242,-1.0715112729242484,-3.935970468156434
0.22109732460840326,-0.8944658100958373,-1.3443710024429434,-6.138981556610517
0.8132493380818341,2.347876964085474,2.342003167260255,12.426323805911037
0.032235129386236405,1.2577572957937617,-0.6355964964644603,0.43645446278582023
0.700036436828796,-2.6185815906558254,-0.6298627741092019,-6.983974755201057
0.9122692238547684,-0.19123069119227545,0.5078570233703672,2.1751212039531524
0.3506384084766927,1.1580424165556484,-0.08670395141137269,1.4607327106824763
0.40318204417419745,0.3301545897099557,0.8258275241136347,4.299233273423988
0.010873108432012835,0.7109770053768462,0.20588238162422737,0.9799479807644716
0.7206034682535648,-1.9961676697419102,1.0029907528192479,-0.894274192919343
0.4188311619683944,0.44618039937474513,-0.6171662135968515,-1.4833013478125512
0.0722126955693293,-1.3627238587613713,1.9916271409169457,3.5796645809570586
0.07584051668372227,0.8338240906601301,1.3348755465415474,5.366576810164618
0.6451115689820972,0.5848285274640861,-0.38120993168840944,0.15841381581234476
0.7233099819426971,-0.29056369200744336,0.756560676745123,1.7747958008117817
0.34326013654656307,0.8988655916090434,0.2766223493652606,0.8932731224939272
0.3787094219057494,-1.3213146583326638,1.0395276491660317,1.2214054248711559
0.429303539656139,-0.7816743058225378,1.2649891076068323,2.4574366138257586
0.46103927271941936,1.3289209572330958,0.11317413872781105,2.735839783523812
0.6532791713004282,-0.16487291219395936,0.7642169081057235,2.5848282496917268
0.5425444394702637,1.1087771740547585,1.5286211520123532,6.409584037130191
0.1396934708420804,0.8915911497542498,0.19788876984937043,1.6955268059133126
0.3627323614091833,0.7202940631258344,2.3197443839248573,8.668155797532167
0.2978909836419199,-0.3361812983198001,0.5635681400026735,0.3987687941219802
0.5253228885175859,0.3965762762691533,-1.3186666610762254,-3.358317868251288
0.3835786188934639,1.0849589604040262,-1.1193533516141942,-1.314097287199918
0.7418592393266809,1.7565042379396174,-2.3624218269818575,-3.6397102027991766
0.9290606120964839,0.4684110580047554,-0.19431518500305694,0.18172892699219811
0.8992242170868692,-0.9961790348104773,-1.7648988411200515,-5.602031648855366
0.5667283143186008,0.46294818982944763,-0.4712052415925564,-0.4293293481110018
0.1875504679601001,-0.1593919068922494,-1.085419291455117,-3.2811599017597572
0.13326687768114087,-0.4982864844914289,1.6691896211686295,3.6478286371518394
0.34661087721042627,1.1386491568256327,0.2303841221328734,2.1614114727330214
0.11140387137210717,-1.293505971630894,0.2362693488110403,-2.149829315712026
0.022926800853204976,-0.06894004204841486,0.5363688832795216,1.4647985275801385
0.305726400534754,0.3533597496161006,1.3190964457763266,4.607820924097049
0.05022760634856682,0.9811753386872927,0.6901268865703317,4.245573755680679
0.6777515496816401,0.21596171136244252,1.48085488917744,5.218571166624313
0.4831244946783948,-1.3659941941313822,0.5294737598153647,-0.4600315364982147
0.09258439160919052,-1.0370392818030767,1.3710463026068649,1.5064162636018286
0.5931801981449155,0.015765497809562837,-0.605514086525732,-1.5852917871511147
0.15751343265647788,1.769014903468451,0.8078365824392659,5.508306602715386
0.6591674685613598,0.9190323858716685,0.08818899200357043,2.9488393504370904
0.7179433339771615,-0.5257396416454375,-0.5060045315773266,-1.5543036859988701
0.9061844732429468,-0.7705078157521164,-2.100857808590946,-6.763681672492335
0.8772451266285419,-0.3848461104651811,1.7817819484378614,4.608662788929099
0.7634070939563521,-2.1183835904458115,-1.485479682841755,-8.022119977982266
0.4405538606115822,0.8779753877918507,0.8478345408268732,4.248957003684494
0.6021575201686897,0.983052662320222,0.8951045630356463,5.297604746110482
0.26717592401102297,-0.44029510034915786,0.26778639179511404,0.03449794968713871
0.32873653414897364,1.8431169398574967,-0.5043910081872967,2.113637331898005
0.6020165877033133,-1.0026473389684516,-1.4996897401671063,-7.051018271687084
0.9973203295351863,0.383378642138512,-0.7424336440857386,-0.9799834699861611
0.006431219375414132,-1.2214379530028947,1.2618438392247444,0.9994479836597308
0.40495880720663047,-0.41636054031118674,-0.4722961938659622,-3.2863070825004215
0.08454642123844203,-0.8069081024020643,0.4237649441241208,-0.10735228408100479
0.5019835107276032,-0.31033243547074013,1.1830000864875556,2.844405292534791
0.1408174658971244,-1.001145202815301,-0.7806695830776359,-4.691965010291054
0.7687443354478344,-0.10048348176514865,-0.08400246621593549,0.08542077673035411
0.2939651567589433,0.016029963777738566,0.13130679493970324,0.2641482054703855
0.2579833049157667,0.1832149778939369,-0.1753559080902967,-1.0866508440696188
0.9643707254207989,0.35817810155358076,0.25497679273619633,2.671252121621427
0.7439562093735237,-0.5859275900663956,0.2111824194720005,0.09291048554308806
0.3342218579741477,-1.6511561556949226,1.1054350205838719,0.2792544424246137
0.7750816209904519,0.3674945104418368,1.6793738554978728,6.372500982309688
0.3255770546069239,-0.32421743822536286,0.3407251144238044,0.5938040759126421
0.4918249492331085,0.30502823423161396,-1.0804597616094127,-3.4582383194481516
0.23315758854165125,0.18907214426535673,-1.258902546188345,-3.9622994161849148
0.0854343478811812,-0.03594660891713363,-0.0676055115114069,0.07710005673472908
0.3099334016552364,0.45281613683005406,-0.30888768155355445,-0.5010166259767698
0.04173859880477515,-1.4161026915414872,0.37428181040426245,-0.7509827641362371
0.5859054948814486,-0.1375170605840655,1.0917044304230448,3.4676281427013573
0.8386776019708017,0.34575917567553666,-0.09563148689304611,1.5259979253527673
0.734677305257465,0.4700599264490797,-1.9793095391834088,-5.538014828729133
0.6951274278933371,-0.48515401254916996,-0.01926898330965834,-1.1116183441362555
0.25185415623098595,0.0653115857923563,-0.8726341129639383,-3.37713145078017
0.9826354830299245,-1.679802227467067,-0.16915091322201214,-2.58447250641323
0.11733595417763376,-0.7767634719414103,0.8728661999436149,0.8641682065922447
0.016559390156139164,-0.5563623963706033,0.05880373229579378,-1.806503539367989
0.21656330304339455,-0.9905209400230413,0.513514498186113,-0.13111701441188822
0.6407425705621537,-0.5750792782570143,1.903493829050098,5.574169905783454
0.4746078479020275,0.33144112286474203,-0.5961358174913368,-2.0401778010624207
0.9420405411318046,-0.2185432482714435,0.3325698731500146,1.7379979143063755
0.8325410788236113,1.0969826163062333,-1.5246207222268569,-1.9135110543772658
0.49687146906770285,-0.40630745670497403,-1.0914229628784555,-3.4738749176703942
0.3332847845189235,-0.6480745001230073,-0.7589040062061407,-3.043568120146265
0.8672937548331057,1.3785954778573992,-0.8193037080991052,1.9950498796004152
0.0722274220118655,-0.35722475618752925,-0.8630432798982169,-3.4591071518512986
0.364484516933403,-1.9903838571424701,0.4659801712666627,-2.3126573289278705
0.9330145146716726,0.09643621750060842,0.08418146096547327,-0.18399749789767417
0.6639937063955438,-0.05064025703999567,-0.7129295074100962,-1.875610199395769
0.993111106069236,-0.27283340319725263,1.32526278693124,3.4080955651602647
0.11347690151588385,0.083549829122519,1.3972194403271398,4.3586912942572225
0.17579550528434884,-0.370142381584574,0.40363383063880587,0.7777283550657721
0.5956927865409329,1.3367175041450525,0.8188041305210837,4.871943127760148
0.025999897724725662,0.09438710017141073,-1.0020536171397143,-3.3979421183055076
0.5922416279078309,1.8180088601763766,2.599298843370045,12.302664589622763
0.4395542640976313,0.9728873818777485,-0.5881622549454409,-0.4428538442855442
0.3912610282830613,1.210410128127606,-1.1968733381397056,-0.10316393247691391
0.8937945342982454,0.038692416474598174,1.4112324812088843,5.591150699028815
0.8954879346381672,-0.3844997536739378,-0.34302427812584524,-1.4803825285446928
0.9011591549756113,-0.0029421141742964566,1.6536288383985587,5.604779572099691
0.9491111003222048,-0.03335861930454943,-1.2753071932788616,-3.195134590706003
0.16710255041002708,0.054957795588968704,-0.13381875784513278,-0.010513870256855573
0.5423545907575117,-0.4528069892765823,0.06175371445763889,-0.6087453225836591
0.509428704957667,1.9268206338178677,1.330152374542108,8.241157345702895
0.9031002086512685,-0.06771237109778548,0.7961578027175973,3.0018663110937798
0.7935058302194092,-0.21742012944701333,-1.3258563632850517,-4.6196232785821465
0.2915859048046259,-0.06151953531640136,-0.5852413201561418,-1.9246007728630814
0.40966527392198016,0.5434088552236344,0.8742597658203144,3.966396418262232
0.014619069877808033,2.4629444428802287,-1.146567046493024,1.2367673848237517
0.7137622073253546,-0.8214924194165929,1.3296111644788915,3.2405596836524486
0.8739771261676657,0.1478676806082065,-1.0259075779895257,-2.7361660557568803
0.08697210081972473,0.018378143113505097,-0.8251942639760175,-2.3865875059834094
0.03772217830862523,-0.43450514966191545,-0.38600230337717284,-3.1469946117095464
0.5802711422968184,0.1266216923687829,-1.5761741702467214,-3.244661873826123
0.9694401237195573,-0.9852368608397105,-0.2256368416236796,-1.2354707775564449
0.713620960741917,-0.6986080679659106,0.16850648523479742,-0.40144074523113205
0.3998284195763636,-1.6722524924099602,1.4422909238930774,1.727420224419817
0.7979311319004732,0.4934636589506884,1.9100044597466477,7.565852190208593
0.8497821268940416,0.46718304673478717,-0.20881664741576614,0.8313043211235149
0.6651447660156602,-1.9133782640749706,-1.1546176793732144,-7.508391009325503
0.3958218873629724,-1.2739203263927874,1.0848436702512179,0.7673077238655271
0.8771157876305736,1.5047581487238688,0.1525076519264511,4.780146806614282
0.4738596321649652,1.5095009396648946,-1.2711898157790864,-0.28908538374952586
0.6226452358629057,-0.20618023120118373,-0.8968178796722969,-2.9116604705098332
0.606920251452957,-0.6401185622640452,-0.4105954019503763,-1.4202615318116432
0.2911332866138955,-0.2980579113344611,0.12533151447723595,-0.25812741646900195
0.35390479903290506,-0.9336701101767135,0.4345242869913236,-0.8925716353586117
0.3558660206416425,-0.7546976626380515,1.1456988757800541,1.9312029369380856
0.07023782305908233,0.6131000578548094,1.890002874196387,6.186076362300205
0.7274491106273995,0.5277514127835373,0.8233899927238777,4.205689704086768
0.019874969727940672,1.3121378730485744,0.7181556708242057,3.9748740342085034
0.9656281392522448,0.6011979592898256,-0.03880464544211208,1.249257265644156
0.8023286977715178,-2.1528475377070695,1.3124842140954667,0.33552564626905107
0.490622069466804,0.7253655175987616,-0.3975977931540812,0.45420877076777
0.6845380887978308,0.23191580939380876,-0.3068010644216241,0.9984597361144885
0.18785623451911615,2.221560221748559,-1.0511132684348756,1.3816006172702857
0.10725045947046108,-1.0210850888377736,0.06447416186702515,-3.1618327337200762
0.7369488385419967,1.4742929634515771,-1.0812372687726175,-0.6189446373257734
0.10774955962069166,1.7638338432853184,1.0511099968281148,5.90551168975782
0.6603083401328327,0.34326912818437894,-1.2797881076446223,-2.157165396266067
0.2050698399745342,-0.8559786248434277,1.7145169977911943,3.6495415775637987
0.015088907945012497,0.32654182236960655,1.0406370371033329,3.563384957416061
0.5475193216339237,0.49824068129293164,0.24014372486795896,3.1734563570071397
0.5681369006038366,0.14677937673733282,0.9398136575153725,3.6587457663639085
0.5752509853251004,-0.3846020219144556,0.998389132525109,3.0623710755914724
0.3630097258475917,-0.8278041955991811,1.0991858773476724,1.3060696703681645
0.3633823360990558,-0.6297574259749007,0.47050240421998046,0.5528261273931419
0.45118507641531413,0.1532146618945889,0.33637382957134704,2.3945385116539284
0.3605937613625997,-1.5571748388729025,-1.2430361695626122,-7.418155505814419
0.8622647344099582,0.6728899997477744,-0.2549387438308282,0.7596728349928324
0.7018009875470945,0.1087775944101513,0.9248099055324459,2.9386125138313446
0.9223700146335271,0.6137332470967019,-1.4857781690699976,-3.691681897486714
0.6133707858240486,1.4700817072510641,0.46427272837513434,4.031078922562181
0.6517031789560107,-1.179199087748769,0.18441691491674114,-1.5124950916053586
0.0971897376350348,0.5480824204681093,0.08970667799489102,0.8103176307600959
0.2615546507377847,-1.2123270789179539,1.5795181394991427,2.7963778516216276
0.7742657443924214,-0.6775683870342675,-0.9020690496184048,-3.327054068739286
0.18985915236502404,0.7211553894347095,-0.5369075984124032,0.3159661668731306
0.9854412605418563,0.6734141318602173,-0.5909626676937731,0.5842237466955984
0.9552779980942563,-0.5490340620647438,-1.5311389386347645,-5.790785954742818
0.3130004391096951,-0.3957205224773898,-0.2877215799882945,-1.9915819292025236
0.7139722502205621,1.9850701943617417,-0.055692612352749395,4.501130091568951
0.6127222958027634,1.4215774051717882,-1.201227484692251,-1.0403721526875167
0.4238175817144536,-0.2941910190771745,-2.5104239771341406,-7.838430675913132
0.38612259406374283,0.3648642774733644,-0.5151141525335898,-0.06585906288013807
0.3725219674086263,-0.5009920464213703,0.1833372304602323,-0.18585666770010734
0.9384951792042395,0.8762037270323395,-0.556497463536183,0.055176603417617376
0.3826600193127546,-1.1597609116839698,1.5528995555541314,1.64111663123835
0.7330906706835768,-2.2764233611821743,-0.12046931321844577,-4.447508228794094
0.6619573810231295,1.6609340278371987,0.3637924813763488,4.235592066104121
0.6203676498548019,-2.1008695184950823,-0.5744886373013374,-5.74612776369547
0.7617646611958353,1.0973374580034285,-0.5156695403360706,0.8969282577577908
0.40526624399675215,-1.071882121108571,0.5491641959311031,0.030953191323870487
0.8946802978519323,-0.34640079792507494,-0.06868608657549943,-0.21532504596659996
0.2857073673010426,0.75930777051808,0.18899209113132917,3.195591329790094
0.5171299911962977,2.1010514692701436,1.6678577189582646,9.85832101171586
0.13511835628124091,0.34122856331921386,-0.9015885355668294,-1.0781025770185078
0.2694653966094379,-0.45727945361743766,1.10245776166066,1.8999558856392267
0.6796842209438501,0.849191656786252,-0.9009073557174321,0.19860216039451903
0.659945365703985,0.1525335761319785,0.7310831097488392,2.4558867341740847
0.02295620746637972,0.0037893334570167454,0.22201914367518558,0.9136324865182682
0.15401795666259344,-1.7322503487660168,0.43312870538304776,-2.611351589671449
0.10257770282989309,0.5717332024569522,0.9874090920948972,4.583949130723439
0.78328207383614,-0.8802013095202825,1.0382387751794004,1.8280184135491544
0.795835216558301,0.43771249013803426,-1.046025775427672,-1.713556821821521
0.64179979177553,-0.23595249369820234,2.2599222700760837,6.712930894564404
0.4507989506527089,0.8034460621989905,0.13585407677315875,1.7963304061442549
0.02298083251429317,-0.47431171721692256,-0.51331954880148,-2.778751841942187
0.8261567017575444,0.08159432498442003,0.09335995381047567,1.0607869074839757
0.036927752030217253,1.748781893541776,-1.0842879195528528,0.1064776843809691
0.32654518079594996,-1.1191002821268201,0.7692894863471371,0.5863169318763182
0.6222411918596589,-0.5871289571035242,0.7091798394491925,0.2975137867389104
0.31248878159207305,-0.0839609052786043,-0.4915544654140856,-2.125454516724668
0.7094005861788244,0.2678968587471352,-3.1837992823017003,-8.718537339258242
0.636333885711091,1.0828788448770559,1.1404495573098148,5.404617178358443
0.5146797724589651,-0.2868667633628813,-0.5295627547790809,-2.2680739356742343
0.0861832451054092,0.28048200738579204,-0.23336780412645047,-0.6756005962006936
0.18246831309683798,-1.2410235645040841,-0.08176004613077435,-2.2294034297457794
0.2096671143547817,-0.6439934106794285,0.7106696332218478,1.321730453311574
0.8755535391291102,1.2898303679581677,0.529617405063495,4.400810092746166
0.6001716756563579,-1.3878907084359051,0.3371647179959668,-0.8535698790578257
0.11462914169254423,0.23147862640703848,-0.7783448821017224,-1.8568950335103982
0.7054638376135639,-0.7308492318011316,-1.633561804340845,-5.620485912975647
0.8032090820178072,2.0241616620494822,-1.1055454432515257,1.3311629266146552
0.5819552785229697,-1.2739076338638908,0.11727831352482045,-2.6013082725194443
0.8027678332603309,1.2401640203906648,-1.5526653844648428,-1.4545369388519829
0.7036683514573836,-0.3598916581683072,-2.4355530689564833,-7.735668099655796
0.8183459830082728,-0.6042783895032735,-0.7608567182304811,-3.083398126200995
0.31219833605370717,1.81430632077066,-0.8419230841130505,0.04905327913929751
0.4942889507737718,0.6052552209841806,-1.8908868151023777,-5.273330938380834
0.7883471598877672,2.0538229258805116,-0.033619385776357404,3.7199647673972427
0.8401759659734642,-0.05491391650097137,-1.0094163898900737,-2.1037632322327005
0.032667260565751866,1.0959019431877504,-0.24882144015161228,-0.3360464253800033
0.5552054628587026,-0.04831562733860791,-2.1517573423016896,-6.131165445787148
0.2205235032572077,0.11759950853750263,-0.3682060650857957,-0.9566859999506949
0.3259328177379932,-1.9101358349633974,-0.39106134059245135,-4.687181028504877
0.046741750096178425,0.9200719750754645,-0.7172525648990283,-1.0072120615679048
0.6301007371740801,-0.5889647150068434,1.3251185019179699,2.9903163747487436
0.7086720097767709,1.0188346700080149,-0.47842227128590714,1.479063747751313
0.6451956452738615,-0.01474302386302156,-0.48665987200218064,-0.7580122537169123
0.5518113779206658,0.28557147599297605,-0.452777936465655,0.7583969822654043
0.45490357462292097,0.12452526938021054,0.7340156994548596,2.6958448662089034
0.5180400006859572,-0.2762527756872514,0.667332558220984,1.1322597042186087
0.23492155847905127,1.6894144571298098,-0.6734812974438299,0.7240230004915627
0.23987195699362263,0.5763246057031648,-0.24155966320641384,0.6058918977351244
0.21295914829344786,0.1612057221323638,-1.083725987741916,-2.62433780180856
0.04547164558912076,0.3488651675955582,-0.5119227012620038,-0.37672591444450937
0.02714114238933074,1.9209070345394148,0.6524582377716006,5.131619771074268
0.009687770470060197,-0.05787286804061085,-1.0332775196606068,-3.4854989534984164
0.20566488810152306,0.03128599309379239,0.36391128289186964,1.4180365986603336
0.2344476872789828,2.0377061146505975,0.5920185680341443,4.428002326196352
0.15434760511237877,0.29988941657161494,0.703036550273876,2.8503499353274235
0.6829754353840147,0.3943914661398034,-1.1082232672764896,-1.410061356913702
0.5178509143501532,-0.7312283441107111,-0.3550298513120354,-2.028905726940006
0.8597260026410999,-1.723009086150527,-0.262410763176271,-4.343949285396288
0.15684396009136203,-0.08524971111804282,-1.6791948064241486,-5.324088528709796
0.637436645281585,-0.4172548826820796,-1.0604564740873932,-3.9264620597530113
0.8177017340017582,-0.9945564447552173,-0.733961872137374,-4.498266711448184
0.3036646013371045,-0.5172255653228052,0.10889619439991217,-0.15213882016742541
0.028137033901802777,-0.23953977567730592,0.8210811590060593,1.421532423043396
0.9918017323009045,-0.26095890192576926,-0.8950525279072458,-2.6758309283402975
0.03189370364661648,-0.4950757793734815,-0.5209493670080937,-3.4688535529402986
0.11648681006141126,0.14971850889342156,-1.5143665111577922,-3.968942630519594
0.21662679568132392,0.1795151904118971,0.9605668747758869,2.4305758049877646
0.6916327389861927,-0.0915781615633537,-1.1381647856304469,-3.181075771969336
0.17462653829314012,0.918104780990382,-0.5092452985563715,-0.29491890857533454
0.8928869514438961,-2.039375250703441,0.8420889108726962,-1.575653574636858
0.3576545091274995,0.7173885253084332,0.016268455712535764,2.288333978967649
0.00138445405972909,0.030790099902172574,2.286904039603093,6.9682217834836555
0.6488689198339481,-0.5731374387642914,1.1933141973332666,2.264854693844376
0.3548821059843986,-0.7824672857058126,-0.06908993267549213,-2.600328047694493
0.2852009091014345,0.9976376269113654,1.393486444367974,6.392851628423293
0.8186401170655095,0.03956876734570643,2.334406393704101,8.24534152840092
0.07666810700709392,-0.8139977704722176,1.3956175204929573,2.169016947153252
0.25959161818886667,-1.651863952128187,1.4032643614918932,1.2005144905234646
0.37958739775105155,-1.3235901001119486,-0.46223570662275343,-3.246342991778386
0.7733604127917572,0.5039064089937946,-0.3865334878045749,0.6113434547613759
0.09710885267791536,-0.7211122294355321,-0.7783773881615655,-3.1821411769775305
0.3689012752772387,-0.37689169944255374,1.6468505624286969,4.347870999779653
0.06572767507097776,-0.1863926080352427,-2.0095569250935936,-7.526879008839563
0.5496643375877712,-0.05455145660787494,-0.333170386043237,-0.8975240280609456
0.7021162293381081,0.5094248204034114,-1.0197186170753834,-2.1528729601796437
0.8739875683189569,0.02140607927154916,1.5703890319945755,5.8563621840547055
0.8073370199748907,0.08631276090002794,-1.0971561618363115,-2.8475328127614077
0.4065398069724878,-0.07441780819593617,0.3213160578536791,0.76906357749213
0.5408666456357067,0.18940140650685128,1.703122198713614,5.580032125409733
0.27669882564570736,1.4325589156758578,0.5427112757803624,4.413867194989393
0.6836455713100166,0.8722233453698441,-0.052204621277747616,1.5612010952789614
0.5853379254899828,-0.8394728039404995,1.262599236367075,2.824794672024328
0.8413679707873051,-0.5752488046855294,-0.7387247572860158,-3.5308094705655577
0.3974976622079782,0.5266778610805355,-0.18682437094615356,0.7620984358147216
0.4485853870686084,0.7530935564173449,0.6947382130837222,3.4303917706662115
0.1285557711453631,0.11947576558979073,1.7748365515643343,5.234578423923871
0.7017883604645015,-0.33116858789433845,-0.44341457280615987,-1.2614261941744938
0.9608418834777229,-0.8725053499773966,-0.014896451903698166,-1.8467846297658332
0.7312265446862795,-1.0256138900376435,0.27275474462759197,0.05205378742352157
0.11968127724318967,-0.7039959503194257,-0.5758927041706449,-3.9370321362599414
0.5321907531415886,1.7260704296124132,-0.04523236770122208,3.7746533889785043
0.7663792460057579,0.7643934475041512,0.1539149649337973,1.4723723297714002
0.41100056483551184,-1.3058513389775117,-0.03851288418953501,-2.3114723068560887
0.6533407087531806,0.2918741380006584,0.2003605042684511,0.6662686747957745
0.29274913892584875,0.4611622162990235,0.09181089065112452,0.25041902066633587
0.8941127827301364,-1.5171151943411132,0.07347450497252705,-2.3135521298441155
0.3559208171487479,-0.9558952967647208,0.5041542087619919,0.3262938173633168
0.19090527735878005,0.21903593105139646,0.6279215113581924,2.560862519084607
0.6261288362238827,0.055877974279480956,-0.12678042728752692,-0.17481132408205174
0.9564243188126375,-2.6519891220241165,-0.793821007357056,-7.001287298381048
0.2707465235083656,-0.8897415984691669,-0.3957586682619276,-2.353096887874863
0.04613935179712414,2.26840915518632,-0.944460230047756,1.2385435441339792
0.8364673884077447,-0.06867491863781058,1.1487931476996218,4.409980916838759
0.5724098042987557,1.3025481135617003,-0.7286041503517784,0.8117360017470523
0.11385676512283627,-0.9350006149687896,-0.20700083616199355,-2.633825233304589
0.955422381007348,0.7438123502881343,-0.14268068798207753,1.963634065081878
0.6670304385224011,-1.1196073920478764,0.33331791859749454,-0.8570046616490052
0.7196006194247068,0.4922788478492096,-0.6921341007469654,-0.15415757619532022
0.17614362235567882,0.8891932773970703,0.26521646332895354,2.9085217509176475
0.7571119331183872,-1.2555143365617758,0.08642596318369979,-1.8222638615562836
0.5660343959498243,-0.535689430667414,0.3229758210655878,-0.3157984649057305
0.9157533903762622,-0.3642215165806824,1.2082237368911706,2.8796717874076725
0.06528875226506159,2.5051874050842433,0.6355879964043601,7.320065257909274
0.49522344268530605,2.259059616620889,0.9753304327801914,8.07312634140308
0.8509547148235899,0.4845064870637566,-0.5116525081704589,0.30627823661434483
0.11939863158375508,0.8617176817257941,1.35428158556024,6.243405595491695
0.5983135661069027,-1.3397839772847597,0.3879221178536972,-1.2136103538821468
0.5026919755996875,-0.8497739993619571,0.9002249995977563,1.072828169145321
0.8491956550416915,-0.5864161926535439,0.22110620784853272,0.12265552007963043
0.8511928163295553,0.5754193003189344,-1.4004348173673624,-2.312095356388163
0.6200104105490235,-0.8411382419994297,-0.8629734673692186,-3.7444401556251177
0.35634787545326485,-1.1043293844817201,1.3145798548380558,2.1518970634339243
0.7572229617623172,-0.021332598471713187,1.5081324804756127,5.581022744226116
0.594535204880045,1.349085930634301,-0.9481833357673726,0.48700642602664845
0.37607992115368927,0.6271333427422052,0.503640459886713,2.9683213891575004
0.5102074052485552,0.5476152122389779,0.634964246233821,2.788336568107914
0.23821351102548338,2.1837984458880886,-1.5865780291425542,-0.7203442378350429
0.9426844824241497,0.46420874586053346,-1.6274019780128683,-3.76438407972573
0.60958268557328,0.010676945459731736,1.2765625997171792,3.8637381673137865
0.439198403831248,-1.491676349481056,1.2336689504195788,-0.07798191037716706
0.8036137195683194,1.0268369619331839,0.616476330466352,3.960553772648657
0.17152989037100097,-0.4280568806306363,0.7915275288154912,0.631957837345742
0.27556648680978324,-0.9773983300462447,0.8844976757615737,0.6927872106049776
0.5634962647305946,-0.8050955756005611,-1.2949199006946668,-5.254215686351294
0.4006654766283022,-1.3565402550678376,0.8957640789349763,-0.08929020746919358
0.07830311699456494,1.590496822445495,-0.10579647298720576,2.313953434363937
0.020734161169088217,-3.919528349756812,-0.36121281205849826,-8.47790566689817
0.005936640285402861,-0.6645638693846019,-0.21631158654113933,-2.142266764387059
0.970807423265315,-0.5890046647170845,1.7953850140193202,5.179208870949972
0.21031660270509356,0.12588665181171188,-0.09334101090984079,0.32568630275984234
0.6945267306277034,-1.7627131357390446,0.21904063786146752,-1.9575491277129673
0.05019710875026562,-0.9055038092675979,-0.8376186395281058,-4.267871933950782
0.22340312888129354,-0.7967999609328061,0.9362604176220387,1.0967624178708943
0.40420113737085506,0.568213311616424,-0.68313676010764,-1.0221916264199848
0.6889725069069802,0.6491562224405721,-0.04448965960569411,1.0126062724791633
0.9367238442774948,-0.35899749154502275,-1.4373866071118702,-4.791932084501572
0.9781754271337598,1.6198194161438806,-0.09566287576473498,4.061406200111776
0.08861941442124888,-0.30521958786476516,-0.061883502199747205,-0.575841622969506
0.45007292089735595,-1.4800819309313769,-0.5762023545259097,-4.467528056315267
0.2830944987951901,-0.8430293171144964,-0.8825031883093821,-4.011622330565988
0.7137615990537526,-0.21297450897025572,0.5213244779328123,1.286748098490267
0.8093214040879441,-0.622399843978403,1.690178177408326,4.362924027320074
0.6937711989258647,-1.054357944036905,-0.8551195662361973,-3.846767852175994
0.6356226694549484,0.48575718058956807,-0.7572654907001386,-1.6566578718650904
0.6874432452838273,-0.7395867753496455,1.887378755707185,3.903395595607109
0.08208804671388015,0.12817558691961195,-0.6339030226346956,-1.739870403849178
0.025900930331928307,1.4280126059789549,0.8579988327813185,5.683549838717706
0.11928675234896968,0.33506108091307213,-2.2624415746349666,-6.179568591679864
0.15252130464870184,-1.5804913982283144,0.11285473079197425,-3.495497605606883
0.07014426783380656,-0.7425235017604555,-0.3165198478312751,-1.9205014739286166
0.09268349042110313,-2.1800097838275367,-0.9025755864319333,-7.133901734635667
0.8057136280154285,-0.1032429413523021,0.3105470688273972,0.38066206058831314
0.1423932310585656,-0.35397188217786213,-1.0992275087514163,-4.101600522060709
0.2165551345822725,-0.5220926038699585,1.2145389120697616,3.4797846879058474
0.003444665932425428,-0.8477750305835636,-0.45390542170493076,-3.609442289241706
0.6018578727953188,-0.39638643571233356,-1.2478440355413882,-4.076458974448339
0.9078009087448919,-0.9115949331592339,-0.3244484897164017,-2.7912431211334154
0.2617242809822604,0.708100339402083,-0.32928454183951505,-0.5254734606428152
0.019284147546703934,0.3167883855225668,-0.6984535969067641,-1.202783235741994
0.6157283354788708,-0.3264041992571779,1.1468185638299275,3.3198454066268157
0.8098036229710882,0.28439612667209274,1.5868030704800025,5.562872444290623
0.12176586528769029,1.4803533208654915,2.085377352208898,9.542035624451685
0.8312382989138154,0.9130818286730441,-1.2356836569647391,-1.855750249950869
0.9008762339242201,0.7192142142525194,0.2829235869864227,2.5712891322199773
0.07513137967552586,1.1201023718650391,-0.4092471724550683,0.6447166769503914
0.4271295849884349,0.0930439643552085,0.5464733245971687,1.8213286743552979
0.06682440347933805,1.5500661555548982,-1.4143116460931433,-1.6853677913950194
0.6003685150504378,0.8301093907161566,1.5445311792408674,6.574443120465496
0.19635431288304583,1.7334214816665288,1.0235146097311911,6.6278160897434795
0.21750107042350164,1.4701095987055308,-0.12658217980631267,2.287141395711509
0.9544577283357378,-0.2899688207264102,0.5381231569053821,1.9738938836724398
0.6805368361626534,-1.1685854854742463,-0.42984125853988825,-3.890938915875239
0.9220943157336152,-2.4543974577243453,1.3543535221240741,0.2618857917076122
0.18008314950583015,-1.3943842483115927,-1.0292198808514832,-6.09604875554017
0.1767650565673362,-0.0970289053107385,1.51432483965608,4.8170586699289135
0.080398770768637,-0.9090286356885245,-0.1304226626837827,-2.4206945569681957
0.9490791389075715,0.9496646067526597,0.6392033232775486,3.8933478648125317
0.98560136934979,-0.7896456740800684,-1.5970298079739393,-5.035504858916148
0.7669176237421117,-1.2242456563590105,-0.1888881602882167,-2.834641073564766
0.7948377981742715,-0.25005570937168425,-0.7827319964453315,-2.1483188331648764
0.31976416934913454,-1.701214077312385,0.44784312722244013,-2.113276951321301
0.5386944384642037,-1.3851801546037232,0.044117608461195855,-2.215559613784712
0.23821922851420974,0.4892948712894301,-0.5796763907928343,-1.2600374219479096
0.6919796871534957,0.4892132507075236,-0.689439111755792,-0.1714836317985507
0.8798791760637389,0.2350391422425537,0.07973737019087972,1.0950420885255243
0.12279443592669681,0.22442587616452456,-0.1634125520504336,-0.3939742912721087
0.5233022673017883,0.20237404029512743,2.0159025283377696,7.223002520526551
0.28586403425273954,1.0841804669265076,0.9607909454549406,5.520317633149092
0.01968952184228434,-1.0919939714591593,-0.3539256328222584,-2.638465256107394
0.8148698402463704,-0.280439103926359,0.7984184896215858,1.8473034815482654
0.7071655479798686,-0.2579551245516528,-1.0446638870430995,-2.5278290568863184
0.7062651428642663,-0.8139997844974977,0.3377897461374681,-0.36216135180582465
0.1328237465198583,-0.32560910726857917,0.5189539931188017,1.0218642479382634
0.3305344692621949,-0.5391594794115947,-0.5096192959167931,-2.451174124109709
0.08191763653166662,0.8718024049473464,-1.2056192021471717,-3.506045376468973
0.37639207056940294,-0.47320275933054906,0.44337445893415106,0.7461253530773451
0.8283309170716362,-1.4347679380610885,1.4470403607441016,2.6195524870928915
0.9701128282870486,0.6925054458581141,0.05355896138681335,2.17303620619966
0.2073180972392651,0.1882144613906494,-0.46651723980049103,-1.5020642429629816
0.11652271311590345,-0.7956172271682972,0.8807513578474658,0.6466878515867656
0.5223823235941649,-0.7531831227261035,0.2605812741163466,-1.349698286078358
0.5402627830734742,-1.034018540038494,-1.5354896483017442,-6.429608599342277
0.053356648750904845,-0.7975687446072992,1.225375566433554,0.6850591860575762
0.32300943652624947,1.1835280018124281,0.017641482355423625,2.5927300481987103
0.5683567918224572,1.789898121581781,0.07253848433682791,4.251669069040871
0.4899643498028845,-1.2092276568620293,0.20855747528865745,-1.5540548311045514
0.31226952734472635,0.6474002566902555,1.4410328424481094,5.004322882642834
0.08606880112651472,-0.7356750660106202,0.025818745532698306,-1.5839666542464816
0.6186273465883825,1.5196292143400094,-0.36511811789776005,2.0084591871495605
0.640441538587335,1.0062358701807497,0.4794558015196512,3.664696846720823
0.7830454597688904,1.0673424419061892,-1.8454843091211328,-2.7113389051967585
0.3218221391642201,2.1579879493331613,-1.1349385482499297,1.5154510147438782
0.302810672382518,0.1474182679542925,-0.457739356314207,-0.9289116894320019
0.7703867513385737,-0.553970580794717,-0.6193088106399416,-2.491306876637436
0.34189240834203194,0.5298981576863541,-1.1141604401646374,-2.6542948976689944
0.9124968179981003,2.0127722802659984,-1.4172663683800333,0.16036819795673463
0.1600532336064846,-0.9962061324079987,0.17430553435781893,-1.4490440753285259
0.564776322701323,-1.5475991603359063,-0.5903535928571024,-4.89124554803186
0.6565068528383436,0.295298381890222,0.33608260357173286,2.5371653864568544
0.6196065492678494,0.7754857723322925,1.0393201746260938,5.220322359723263
0.8949653213396157,0.7189062760993822,2.082718823311018,8.185277311829818
0.4909071006568432,-0.2981660038455982,0.4835362780855266,1.21788158484078
0.5660806608741181,0.4109096973418038,-1.5445621630890611,-3.7484701226334627
0.37396166033862444,-0.01142200633931635,0.49162252700698184,1.8614129676113012
0.8869616259535278,1.0701018649753615,-1.0706023547084138,0.03792934884577342
0.37134734384821033,-0.40154020313719463,1.7404162312338707,5.808404748158658
0.2506391350833429,1.0204487639660291,1.0013221666701786,5.821740225989567
0.9040087332583452,-1.043061014997744,0.1301723134525697,-1.3705625092893334
0.39300948419266835,2.290508229127092,0.9699280024796018,7.420515098915312
0.8685099644117705,0.08165407924225038,0.8581228939931068,2.6199143517819667
0.7096156975153073,-1.2082681652068368,0.4076039244956796,-1.258318873587495
0.8673130511180879,0.9439866547522411,0.8512711008927155,5.418657473188891
0.5137983580419784,0.6624408867792354,-0.05066988610632587,2.2302219324486785
0.24103307254159023,1.349806683286797,0.48906002422961,3.5666812214294623
0.7258698030606291,-0.41880404494426265,0.4082735751825286,1.2186357881040497
0.8380315055438002,0.05267041855091756,1.1028187525949975,3.5648500641802916
0.3564625361325109,0.2813113795841129,1.2561449730034273,3.6470384537576783
0.13069175519283804,0.6446966461430941,-2.5237053175076833,-6.177657876662342
0.9866834083828762,-0.3042962330039447,-0.12645484526162498,-0.33969298820621974
0.42123659306617844,0.06056655818754729,-0.4563481248138663,-0.747023910696244
0.37504004623068377,0.9052254319407207,-0.19744969776277277,2.189933547398609
0.3181147698979596,1.2336626195725393,-0.5017561858828047,0.6699039380492817
0.7195554674145359,1.1810187586455303,-0.16631651732262495,1.825421472024719
0.8671476407432306,0.7053206201140545,-0.8625696077430054,-0.3446352223004375
0.32714984341413644,-1.6834163726714348,-1.1110403064568128,-5.835707075314359
0.05932580188975611,0.5268264708736278,-1.1058827968284075,-1.466862586799112
0.6656394960509965,1.1621448519649176,0.7847497880581237,3.954250792621746
0.915815595900711,-1.223488187736641,-1.7753627791121904,-7.751426932073138
0.5670973154226286,-1.0638776127156222,0.7818843120853757,0.7717491311654558
0.684840825432051,-0.5050003461611939,-0.12243382683909693,-1.7710885973366424
0.7367737944536312,-0.7768073365602508,1.3244923631356975,2.9006007201962607
0.4356747534366636,0.26251589425072447,-0.7838785032675438,-1.1693504588010115
0.9403103593639112,-1.4948470371591327,-1.0141330469321765,-5.051942741606471
0.3604727317137598,-1.0412869353807959,0.20115749068638802,-1.6676966143129002
0.9620135958262792,-0.8723087325074702,-0.16116083507952664,-1.5434378569779543
0.739799171009534,1.1633095370847812,-0.44674859534615463,1.5560754421831096
0.1522363370638503,0.018822052886221016,-0.6507909993954473,-1.2147138608496615
0.1770142521078658,0.14651716800639258,1.0712080307539853,3.6180964475692297
0.169299670151564,-1.6971724686718612,-0.9567594616141618,-6.954761964578232
0.5487531405349528,-0.8416414337466183,1.1587468369252256,2.652630552334962
0.9965800375168641,-0.18926277418771517,0.28888935857794446,1.0546379169358666
0.8653887083078682,2.835766632568753,-1.035703981467488,2.7098532723636297
0.6230415399301393,-1.7270089914139093,-0.8164409153127562,-5.863171829881723
0.1883455756139627,1.3951984772081134,0.3928906671114702,3.7304808354646126
0.2589770567461135,0.968421171610802,-0.5365687073963671,1.3760696995677575
0.5189538205173241,-0.5815180861710549,0.33904712828330935,0.6189191532643967
0.9450410135345341,0.3679358324074414,0.6136459975730634,2.263670653001712
0.37637537605503324,-1.0269650393217724,-2.853845626375934,-10.282163525481247
0.9728677907541357,0.7839481381308363,1.570252345381155,7.684820018901098
0.9003617121951488,-1.857749006057258,-0.6836272586377066,-4.648392997460288
0.8897720964976603,-0.8150833794764226,0.16382274090178836,-0.24945394368470283
0.07376916077208362,-0.8704708937793334,1.7792289645175785,3.949545473873449
0.7204552859072834,0.40391657860589747,0.15764580529042704,1.2080147369204837
0.31410628593619117,0.05130288689217288,-0.6015590372407085,-1.013727321816116
0.12751396861834696,0.3225953655445347,-0.0038402957985287254,-0.07473024686843055
0.5436584006120025,-0.34293957651996115,0.7474231314954111,1.3536429630511622
0.6185060027327038,0.07963676222386087,-0.8380414312065897,-2.5623840639382847
0.19416988542201497,-0.17720612584581977,1.708530431228749,4.21886912383022
0.6175970359176787,-0.7070038116826537,0.875512226893883,2.519070659495123
0.14987822904000425,1.3551041082805897,-0.36334246180461827,0.5076968000440986
0.18127710378207984,1.2226777487967426,-0.09197445835359161,2.0328149338813426
0.2608886351399389,-0.3151114002108113,-0.8320695775006465,-2.7620496984711957
0.16870527173512595,-1.1645947079920802,-0.29466957585202214,-2.9895632201273945
0.2560297266717191,1.0249571907230073,-0.14104657713264218,1.420976007087114
0.4102148848225926,-0.5690562806927388,0.8316047263755953,1.1979322468767037
0.5643584770786956,-0.9744254593626072,-0.9290301892657705,-4.40198052378374
0.4140370932826499,-0.5801791138732856,0.250204470324891,-0.03869342884165661
0.375890515956263,-0.4747614580794161,2.3886133561484697,5.571231355846178
0.23567446325828345,0.26595659149279555,-0.654904734650661,-1.5934525456087125
0.7607534654110478,-0.112961580276459,-0.7822802100497397,-1.3702261940852378
0.2118361124321868,1.43589189697728,0.34735958942959616,3.611740241035706
0.356459876313175,-1.1581778035503372,0.6267053418422478,-0.3601919822425882
0.010497350967176966,-0.526074212229883,0.2602058647414167,-1.063649389765
0.4935026641428052,1.448431508111986,0.11742110013803014,3.730257311945419
0.8019115274764496,0.8135639251553943,1.701878325068977,6.997885809123793
0.7317342768572751,1.9654045940204885,-0.1231111676822956,4.6985559375219985
0.7114497121883488,1.2997885961199236,1.535915007447193,7.553376359795531
0.4841470909898916,-0.3733125017766732,0.4445547518677536,0.017391471999980923
0.07772364958500366,0.6503402105802171,-1.5228355223682761,-2.274856963977695
0.27687633616329266,0.050231062016459785,-0.28861439111842685,-1.0405545329835946
0.9356808574826715,0.5189794417852484,-1.2543802442335146,-1.870195545869459
0.12376621959060019,0.322235326472953,-0.06520645746667689,-0.28158833249791815
0.1247561207811182,-2.0752708405766236,0.3717423024841417,-2.3009248189793428
0.21621003717482723,-0.5890886523985741,0.7894974207467846,1.001800911716847
0.9776030145355417,-0.5289253679324215,-0.4556838191679451,-1.837191865890062
0.7175733607130796,-1.0963608575037265,-0.009451865770254107,-1.4463298677381116
0.21474236040095707,1.0129520849298532,0.5456143026040315,4.583042490254944
0.7632501172369613,-0.43923335595476437,0.7188549752157842,2.247215261731903
0.6837018993667526,1.3357733648004217,1.141211880627545,7.494733240038233
0.6425040988667755,-1.2854592111833603,0.6862505753399633,-0.40029852160500323
0.28948742967055563,1.5457875050021508,-0.2898505512156369,2.3079467874964217
0.37844301522765633,0.8901035030294702,-0.8987203917129795,-1.2116875572727315
0.161398252986793,-0.3212514813652138,-1.1901872817785202,-4.3810167472542805
0.5709116326109981,0.712562626389487,0.7828966810710566,3.8930325621636537
0.6654549627454108,2.5795555443390414,0.09044210349936128,6.597689717103363
0.3373219068133758,-1.5958193721751124,1.6234917092752417,2.072848512166635
0.14439944992753118,0.38921087111403563,0.7897908257701072,3.417996101264786
0.9693274225627544,0.2625425028601553,-0.10024246093185533,0.9426722052605553
0.4041469850067193,0.4555929063791056,-0.4344808200211241,0.21842511012294763
0.6013579140110059,0.8171876993325343,0.3033899909066394,3.3067120563876586
0.24362955159069388,-0.8535970117435425,0.7831785014739532,1.5484239919102691
0.39869270331639617,1.1573504512325934,0.1677345933588479,2.2621654237185997
0.20235675016844945,0.21241931447590412,0.1571700625437764,0.09335790327517465
0.46579981950287164,1.4059543246389885,0.06105095689154986,4.585941155092193
0.9845594898623286,2.301853454755967,1.0400627139995593,8.915401574722905
0.5026232026280084,-0.48690025584309937,-0.49652228046158914,-1.952726579484712
0.8151777665509686,0.9156194040709372,-0.3867777797159673,1.2955879341044088
0.20977516261069662,0.20377487744181438,-1.310425841989086,-3.3688284788637324
0.5165546265263408,-0.10398671989813232,1.2300520553775869,3.914709465682549
0.35257255990715086,1.666348729475799,-0.6968897805500971,1.600256217001988
0.45111353687449063,-1.2719932550795396,0.19956245939944822,-0.848465940693516
0.6104981320154355,0.4969466376755628,0.5144729797640951,2.9212074227169733
0.2573121626269602,-0.17333729483986135,0.39985275396771713,0.345625523368814
0.9601496441547335,-1.6421174907824618,-0.3444779596609236,-4.295649579876067
0.7608492868411614,0.4895054910223312,-0.6956559554784854,-1.066073533789519
0.20812444711350253,1.312449629972806,-1.578253464660474,-3.2678646165540792
0.9125833676953956,0.07128619489717053,1.3858016646786449,4.675594810038932
0.9721609259964031,0.048105770854803234,-0.4699734228082944,-1.0194245407090963
0.07884371648359245,0.19655047937880238,-0.2858785792870321,-0.14996703999594177
0.6842208728911384,-0.21699140608848475,0.6040792710249565,0.46156998698435425
0.04482800840157508,-0.3836591032585743,-2.5517410277034926,-8.459428759240092
0.7886557920726871,-1.3299829799339813,0.2402458473372929,-1.8633522018239215
0.03177695366460842,-1.833928597076341,-0.4717375720819897,-5.360329569483388
0.1908553307649754,1.533215414524418,-0.05767322644664602,2.2243612391645273
0.985006010898971,-0.04169016063551144,-1.3552337828762533,-3.9053736655609823
0.3769225228280847,0.7843631765178266,-1.9423868348602982,-3.4782729482676236
0.5304548753408066,-0.30137801578954987,0.2644705195065997,0.5674327147637055
0.6403630163706479,0.26004480559634296,-1.4722503818391015,-3.5572588531961977
0.10073144201849382,0.553047895762066,0.6472998971658236,3.4653838803358386
0.6778336983122221,1.875104225456749,0.148984922444414,4.7219768879118735
0.9252671324872461,0.1686688148488846,0.6086618264336879,1.9740979593849066
0.7160058844151739,-0.620475311686572,-1.3066912059731381,-4.676340559700376
0.7462262629363522,0.4963858257300809,1.1846792261074195,3.981682695587549
0.6951091652326271,1.2786671836531691,1.0187030964240091,5.791545907138857
0.7364289057905431,-1.124378506310574,-0.8833140320800027,-5.14799092276818
0.29620397855189473,0.16550921726506926,-0.23514263681724304,-0.9982611270715116
0.4686005644988158,0.019707979942569794,-1.4761121296623254,-4.627087578006564
0.7859670307104901,0.5926167473431762,0.2783593666792944,3.229481527537537
0.7564458213205368,-0.02582716551639066,-1.098751520294506,-2.3887719893868753
0.22376005779343233,1.4461797791790632,0.5736260693384315,5.160562843106483
0.28417883349745865,0.08484987629391978,1.8182495473480154,5.930270214834314
0.2827825139309027,-0.8411850619771893,0.9785721981139549,0.6560009443378751
0.3346771812745526,1.6449580257062293,-0.14842641372304913,3.1785542723948828
0.01925664186951226,-2.394147610741664,-0.8082275863664076,-6.728564655823882
0.2079148891876933,0.4651447328909395,-0.9931763153473324,-2.9946616070720413
0.30787488010846753,1.5840590723601313,-0.587408886471562,0.9438344325555463
0.5969242142996422,-1.508751669543149,-1.2469370978735148,-7.610923740260762
0.20886749813720917,-0.647790625466559,-0.24310725175431824,-2.0495991332106946
0.41973175696991394,1.3328781408025059,-1.4974628407064143,-0.8001362990025088
0.6861773723633176,1.0095599577115595,-0.7610682377225589,0.21400206876179212
0.3755800038533258,0.863827123492851,-0.1800435953027655,1.7752189771027163
0.7437568286014973,-0.22574820496848855,-0.010400930853170995,-0.15621495750154474
0.6356957116043325,0.24590809468837618,0.41498586174226393,1.152751102543696
0.7961336694645842,-0.1939750256399192,-0.0857736134397605,-0.08015336749498793
0.2535011577629728,-1.420976632220132,-0.7665807283106612,-5.6928350879896135
0.8144191895927365,0.9730018088707068,-1.0531457981486507,-0.570460949612235
0.9165108195631746,-1.3918135189092837,-0.30698258981850823,-2.4407896117027055
0.12039213908424484,0.1530654589802113,0.8804881341935898,3.615929707594201
0.5637310177597129,-0.1663817886101057,0.33802649954381625,0.8208635726699853
0.17926995383712008,0.8562193590455903,-0.28813246605456044,0.7716872171656006
0.34954503056574027,0.795323700292685,-1.7087557481330655,-2.1730999187678575
0.3148130575696697,-1.9560645269864925,-0.08184509378137084,-4.492161044205005
0.8059330132096865,-2.1394859821088104,0.6944810313281498,-0.3503362642646643
0.9587561418073015,-0.9125265174226983,0.3730755414919621,-0.7119801903453273
0.17317661656929395,0.014241799568910122,-0.10769272773211983,-0.4780701501049176
0.47836545210994164,0.5103064544269973,0.6999115736365114,2.9697855519492307
0.15998425466233746,0.10214080282463185,-1.631608966118884,-4.7125652941704175
0.05498544362457958,0.08006328883846586,0.13411536925990572,0.23692995966603414
0.12448262958114631,-1.793842738174211,0.009254710216728274,-3.011690267943352
0.10174015303117057,1.1649360061160405,-1.9795327288634463,-3.8749169688478546
0.8748844471529043,-0.6686885124317054,-1.202448405009864,-4.271912574078665
0.29384383579401196,-0.2863150946013228,1.0154416354555886,2.8388575066082464
0.20780801357679135,1.3876601555641932,1.0169036665847675,6.4137328585881495
0.8730307152144481,-0.4259859451235498,0.20634272215828492,0.776303811453302
0.4178146468796369,0.12224480172916545,-0.5004285267366027,-1.2442263596688143
0.6190788802232429,-0.24575606784317391,0.30273727926030125,0.7632460765417939
0.2182706361811947,-1.4390581107804425,-1.1244303195039196,-6.3671914769854006
0.38560210068046374,0.1342355557579656,-0.437806204020354,-0.22412707930888517
0.4024446517001724,-1.6418853204714339,-0.8550910040422636,-5.183952764691401
0.5721264430931587,-0.6735370255254893,-0.5572585369703431,-2.4657832922701206
0.3875995205611895,0.01461192969868978,1.610165878976982,5.389458445010982
0.8927697592343675,-0.45157650333002775,0.43693563247717004,1.2938663510506574
0.4876111420622957,-0.46063095930149306,-1.8094845309241605,-6.292038402415308
0.32004209468812406,-0.4331060141127155,-1.6316581475472167,-5.984091883432679
0.4957121103833111,1.1538762356479382,0.13108785980251184,4.064375080209129
0.4351793871374092,0.014811133309735335,0.3844817100936272,2.0423179310085526
0.07787746304877108,0.1477037691571248,-0.2567783975919408,-0.17491343664946596
0.23742293456779873,0.2630237417988351,1.335527512872348,4.891311561157405
0.9793062080758839,-0.5247711677368588,0.3262654845885267,1.3731378515171142
0.030796587152316368,1.95482520706357,-0.260771927224725,3.810082847810956
0.16603973313702935,0.9225479859835453,0.016670004871395593,2.002988168914944
0.3575895942093671,1.0487487338392083,1.8004526670469483,7.497561143002897
0.9778282425989815,-0.39353022357001466,-0.3481380618436811,-2.003630943508565
0.7845990463661268,-0.6223497950559914,0.1450486306601874,-0.13610725539186835
0.9578373243549541,-0.6547982403740157,-0.6834576279247582,-2.2320783686644754
0.4689607263591913,-1.3256957851173878,-0.21585609429612848,-3.2763362873313513
0.8390677885892538,1.8699594123101801,0.10685194913614159,4.8781521969637565
0.1571863009796891,-0.9637867737935173,-0.028393489086673954,-1.774112548030149
0.29055241231370577,-2.4000889729228123,1.3130676425021321,-0.790171732976007
0.003421008281959792,-0.7779319345837705,-0.9887175671932606,-5.2142014658459
0.1625514115900285,0.6362034223495161,-0.4439314516779938,-0.8348941324270919
0.05801620920417794,0.8092118900154028,-0.0526375311043956,0.1541925767150868
0.5557990427178655,0.06618346588381907,1.0067101914213148,3.1895867326693046
0.48646912566404377,-0.31994403454759446,-0.337469986967687,-1.0968296275952791
0.8926305997016836,0.027179529437835203,0.4391006614874898,1.5456306254955385
0.6250536453156853,1.6750063123674592,0.46318431712843283,5.4542161154098086
0.05450325017060298,0.5924759854808883,-0.4701854097976859,-0.5144612086977912
0.7753668106947392,2.1193619027317694,-0.10852246069594942,3.9223392022781307
0.4532757107231251,0.1982777940804797,0.8453693394484249,3.2879724615457127
0.9779014516620861,-0.764308467575099,0.8379998765935756,1.9383666716594043
0.11489810642834697,0.77103425706093,0.6926669171627206,3.726328817481167
0.2808075327602987,-0.5451865872190058,1.3021447385582439,2.478851114597918
0.9899759467944093,-1.6088932887086844,-0.21678517307145584,-3.281973132479612
0.20697604015206506,0.9449047811874112,0.6658141058369301,4.036396612419749
0.8526734948772087,1.1530620231902318,0.48883866367965745,4.349567792188849
0.1948407659935244,2.099826148117485,1.327566306663857,8.26267739519032
0.06972938886734847,-1.6268584666868153,0.8406042912998581,-0.5453558434940248
0.9560198422166755,-0.23670847601223954,1.2850816329941712,4.044138562695713
0.4549408929429213,2.1045282396643357,-0.45793417952959753,2.711858703256944
0.7734003491620567,-0.5720710335667339,0.7259496227696027,1.9016866801426628
0.11896882120669039,-0.20707615745546415,1.2954262590578045,3.760007213195626
0.8167392691999114,0.589251256298873,-0.2667221041771733,1.0731253923738007
0.42882798372693565,-1.2804616474383692,0.9679752377604951,0.538980523107454
0.9898699702952621,-1.1073811334163821,-1.6341807869264806,-6.807274049111607
0.2823224548716686,2.1047807655481625,0.04083780727980628,3.6590729142506495
0.11042449199551518,-0.2433957752901465,0.9483727842059616,1.8860154925260364
0.8384035106730902,1.7173361334652533,-1.2415785978800642,0.4128352353953264
0.330840338471061,-0.1323256934367299,-0.14508167952074089,-0.022049497370419446
0.8667313715779261,-0.20099416678239945,0.8905172734334776,3.315241052938666
0.5480528772091913,0.04176512782983114,0.8038678556988881,2.704517797844823
0.7108440368949085,2.121562925919436,-0.884330611250809,1.1590072689812296
0.5834706675639191,-0.08637192010239314,-0.34504560974602716,-1.0589172795641653
0.5218319821566766,-1.5360713373168673,-1.7505048726425902,-7.824519211594035
0.07097206186208016,0.7793019497207844,-0.46616681399544535,0.4703107195470814
0.8861741542346324,0.017436598383104976,-1.3818226869151025,-4.51847417081077
0.1520690111574703,0.11438313338910962,1.9138467486136321,4.8044680098194394
0.38528630502136196,1.993502907157798,1.029144796061969,7.538419455907471
0.9201993860598267,0.838584174736349,1.3705002718533552,7.1275766374178895
0.2621679915779588,-0.7348410827965017,0.5233403916462284,0.8080656647562829
0.23810938749233201,0.5002344741751608,-1.772240954371004,-3.674042363817164
0.6872601555387501,-0.22301010003730734,-0.5811749084385283,-2.131973446998719
0.6728640456508367,1.2073486528430921,0.26910474053879135,3.995738213293621
0.8324682814833545,0.49811336930186084,-1.2843489335365845,-2.4078277731451747
0.10223028682939495,0.9844272548081128,1.818790778529817,8.054573662744101
0.047117667078002246,0.36005293050954074,1.6746052342316557,5.413164624493491
0.26838772670427746,0.7515382236195487,-1.0827291926180953,-1.7828006719677818
0.11292867188472155,-0.1396853973186331,-0.09321043638521971,-0.7327771326927499
0.20250352939888627,1.3768554996687048,-0.733614097952422,0.12472858378453441
0.5755487012089463,-0.3169472706095801,2.118413444195624,6.430660619946341
0.6036204909099329,0.8162154880651101,0.9031877599467486,5.113003605476069
0.7661797748850333,0.15235714282612065,-0.007950716183810451,2.0696947319511865
0.4033020574633569,1.0161307561333388,-0.279794279539827,0.8516259587131374
0.637610533780828,1.4634848466358865,0.5100881912825027,5.302931284329211
0.6729542551138751,-1.524714422127514,0.11430945324441047,-2.664719709459654
0.7856274101763299,-0.9085403802456034,0.19609871781108298,-0.19981544768004578
0.7990745471819245,-0.8337089824746872,0.510949456863191,0.12296253934964985
0.6666057274063697,0.7451379001289566,0.1374403608916007,1.7097479031585088
0.9395733902823369,-0.3095810781840375,-0.05111222611187312,-0.6726125159871447
0.5796477915995212,-1.0693218283843227,0.5979797850807704,0.5852127003403438
0.09494228479675493,0.254196003937578,0.5951440331052965,1.1598006896178699
0.8812438393609774,-1.400033582705139,0.040960353382559725,-1.838462753888805
0.06570900096426746,-1.9571934941621312,0.14843454620968977,-4.367687988186298
0.02926328314057902,-0.29071861730712484,0.9386903367816903,1.4447730791225581
0.48598367606793114,0.413443730935258,-0.2790972251253271,0.6937404741247626
0.07336614817474996,0.6730392292597802,-0.08848475302449325,0.8939631391455339
0.004857317544422091,2.147761015854482,0.45606649131018573,4.86137028136828
0.1321309930115192,0.3759018873365179,-0.4029180720154901,-0.5033376628081977
0.6294401914562516,-0.1307133624328092,-0.00603843187978652,0.6139641561938175
0.9342901845469819,-2.140522276469767,0.2842616087174133,-3.2519643623849555
0.3567622931912514,1.698345738799233,0.8842451248003139,4.421724838144678
0.1728121194415092,0.690540700697214,0.1723440237110218,0.5444449030213081
0.23838167983315828,-1.4085250176724857,-0.27287303136845753,-3.180545809279039
0.9909307138105551,0.5573119889398144,-0.21361133310767508,1.6170988174163912
0.5092822480694272,1.0297429093619899,0.12846827948344855,2.1276198487712357
0.04219397050682505,1.2461181337967266,-0.2358492392019638,0.8906667189817683
0.41219894811441093,-1.1415151901604874,-0.22213103235172202,-2.3133648884981683
0.09932408603356935,-0.042558452820789114,-0.35861028806738554,-1.7173104366527596
0.1621150806804723,-0.3322924001456356,1.4831539916804313,4.056257401228446
0.9963241786482733,1.0311915012275223,-2.2467897079365597,-4.0774622673022
0.8338494320693546,1.0463028211885033,-0.7971212984528774,-1.277815860133295
0.9924182812486104,0.2991578561265949,0.10691932104843245,2.235916439028168
0.905008247628223,0.22235844693040863,0.2377369614950819,1.6446816639859803
0.7402979429872478,-1.0680932864640398,-0.6666428650859052,-3.8385987403635236
0.8580910691924627,1.2251670405583857,1.6013933594108356,7.642586827742955
0.917924636272137,-0.10389046584528332,0.672029968027098,2.492080499645886
0.7704606276831243,0.07967385836702551,-0.023961766012189835,0.0311415946383614
0.17626694154180822,-0.49792650723084775,-1.5662262102456324,-5.511168904456701
0.9277438938173531,0.9888438332100867,0.15658366804336718,2.918488525763894
0.6913385883820728,-0.8589739874886223,0.4331116553471503,0.04757726260779474
0.5884578088396556,-0.10336693630325311,1.7651985662592418,4.758585137804239
0.4100840881632799,2.420052848674886,0.5257131193953435,7.333047788440889
0.8777373186446665,1.1468099020068356,0.40427323429943024,5.085488188665099
0.25681103576379904,-0.1657496479415147,0.2938559262136935,0.5735077410787802
0.18872585230653016,0.8732540279773144,0.4532916867298516,2.3808435337582097
0.5487124494175564,-1.2412357977366584,-1.8514319970616635,-7.895313618506496
0.18264518565195365,1.214495553923394,0.13309358811660266,2.6861566137037998
0.24948088665991008,0.9029839935938927,-0.5828300979076299,0.13875374020787715
0.2821350524483722,0.8183766495036101,-1.192420016863907,-1.7820647965773504
0.8802381981315425,1.7110887507883459,1.5799257132198916,8.665174568289212
0.9013736641964398,-0.45402328474948905,0.6733250775192124,1.0019450131515542
0.538414789785026,-0.7866422640426864,-0.4115843689949182,-2.112386902094308
0.51098446058475,0.8672681312210606,-0.6379697207406645,1.1833158609811751
0.16464807462484954,0.4541479195675737,-0.6305968917348665,-0.37278519215117223
0.6676058050813567,1.343707772322309,1.2924256694450225,6.712682146440599
0.4667128994103098,1.0311925554764911,0.032126129155095745,1.3076192782538718
0.9904186718127417,-1.0579174979055237,-0.4132358293851894,-2.427370931761942
0.8673099829495402,0.5194600031068037,1.1572437212381557,5.489210826332194
0.9517532547387179,1.6337075435889654,-0.7816993197917168,0.9576049225603276
